[
  {
    "id": 120,
    "type": "flood",
    "location": "Spain",
    "severity": "moderate",
    "affected": 100000,
    "time": "1 hour ago",
    "lat": 39.4324,
    "lng": -0.3825,
    "tweets": [
      "Spanish Prime Minister S\u00e1nchez promises further aid for flood areas",
      "Stay informed about the flood situation. Follow official guidelines and stay safe."
    ]
  },
  {
    "id": 119,
    "type": "flood",
    "location": "New Orleans, Louisiana/USA",
    "severity": "moderate",
    "affected": 5000,
    "time": "1 hour ago",
    "lat": 29.7603,
    "lng": -90.0715,
    "tweets": [
      "Stay informed about the flood situation. Follow official guidelines and stay safe.",
      "Please donate to relief efforts if you can. Every little bit helps!"
    ]
  },
  {
    "id": 118,
    "type": "flood",
    "location": "Asheville, North Carolina, USA",
    "severity": "moderate",
    "affected": 5000,
    "time": "1 hour ago",
    "lat": 35.5973,
    "lng": -82.5434,
    "tweets": [
      "Trump to visit flood-ravaged western North Carolina",
      "Stay informed about the flood situation. Follow official guidelines and stay safe."
    ]
  },
  {
    "id": 117,
    "type": "flood",
    "location": "New Orleans, Louisiana, USA",
    "severity": "moderate",
    "affected": 5000,
    "time": "1 hour ago",
    "lat": 29.7603,
    "lng": -90.0715,
    "tweets": [
      "Stay safe and follow evacuation orders!",
      "Floodwaters rising in New Orleans! Stay informed for updates."
    ]
  },
  {
    "id": 116,
    "type": "flood",
    "location": "Pittsburg, Oklahoma, USA",
    "severity": "moderate",
    "affected": 5000,
    "time": "1 hour ago",
    "lat": 37.0247,
    "lng": -95.7333,
    "tweets": [
      "Heavy rainfall causes flooding in Pittsburg, Oklahoma. Residents advised to stay away from affected areas.",
      "Stay informed about the flood situation. Follow official guidelines and stay safe."
    ]
  },
  {
    "id": 115,
    "type": "flood",
    "location": "New Orleans, Louisiana, USA",
    "severity": "mild",
    "affected": 1000,
    "time": "1 hour ago",
    "lat": 29.760427,
    "lng": -90.047673,
    "tweets": [
      "Trump\u2019s Revocation of Environmental Justice Order Will Hurt Marginalized Communities",
      "Stay informed about the flood situation. Follow official guidelines and stay safe."
    ]
  },
  {
    "id": 114,
    "type": "flood",
    "location": "New Orleans, Louisiana/USA",
    "severity": "mild",
    "affected": 1000,
    "time": "1 hour ago",
    "lat": 29.7603,
    "lng": -90.0719,
    "tweets": [
      "2025 NBA predictions, odds, bets: How to pick FanDuel Sportsbook No-Sweat NBA on TNT SGP promotion for Jan. 23",
      "Stay informed about the flood situation. Follow official guidelines and stay safe."
    ]
  },
  {
    "id": 113,
    "type": "flood",
    "location": "New Orleans, Louisiana/USA",
    "severity": "moderate",
    "affected": 5000,
    "time": "1 hour ago",
    "lat": 29.7603,
    "lng": -95.2438,
    "tweets": [
      "Volcanologist Tamsin Mather on her 'adventures in volcanoland'",
      "Stay informed about the flood situation. Follow official guidelines and stay safe."
    ]
  },
  {
    "id": 111,
    "type": "flood",
    "location": "New Orleans, Louisiana/USA",
    "severity": "mild",
    "affected": 1000,
    "time": "1 hour ago",
    "lat": 29.7603,
    "lng": -90.0715,
    "tweets": [
      "Better digital literacy could help reduce climate and disaster conspiracy theories",
      "Stay informed about the flood situation. Follow official guidelines and stay safe."
    ]
  },
  {
    "id": 109,
    "type": "flood",
    "location": "New Orleans, Louisiana/USA",
    "severity": "moderate",
    "affected": 5000,
    "time": "1 hour ago",
    "lat": 29.7603,
    "lng": -90.0715,
    "tweets": [
      "Pwn2Own Automotive 2025 Day 2: organizers awarded $335,500",
      "Stay informed about the flood situation. Follow official guidelines and stay safe."
    ]
  },
  {
    "id": 107,
    "type": "flood",
    "location": "New Orleans, Louisiana/USA",
    "severity": "moderate",
    "affected": 5000,
    "time": "1 hour ago",
    "lat": 29.760427,
    "lng": -90.065127,
    "tweets": [
      "Stay informed about the flood situation. Follow official guidelines and stay safe.",
      "Floodwaters are receding, but residents are advised to exercise caution when returning home."
    ]
  },
  {
    "id": 106,
    "type": "storm",
    "location": "London, England/United Kingdom",
    "severity": "high",
    "affected": 10000,
    "time": "1 hour ago",
    "lat": 51.507351,
    "lng": -0.075312,
    "tweets": [
      "Emergency alert sent ahead of red weather warning",
      "Stay informed about the storm situation. Follow official guidelines and stay safe."
    ]
  },
  {
    "id": 105,
    "type": "flood",
    "location": "New Orleans, Louisiana/USA",
    "severity": "moderate",
    "affected": 5000,
    "time": "1 hour ago",
    "lat": 29.7603,
    "lng": -90.0715,
    "tweets": [
      "Depoliticizing storm recovery with an Independent National Disaster Relief Agency",
      "Stay informed about the flood situation. Follow official guidelines and stay safe."
    ]
  },
  {
    "id": 101,
    "type": "flood",
    "location": "New Orleans, Louisiana/USA",
    "severity": "moderate",
    "affected": 5000,
    "time": "1 hour ago",
    "lat": 29.7603,
    "lng": -90.0651,
    "tweets": [
      "Trump Is Already Drowning Us in Outrages",
      "Stay informed about the flood situation. Follow official guidelines and stay safe."
    ]
  },
  {
    "id": 97,
    "type": "flood",
    "location": "Kuching, Malaysia (3.2454\u00b0 N, 101.6538\u00b0 E)",
    "severity": "mild",
    "affected": 1000,
    "time": "1 hour ago",
    "lat": 3.2454,
    "lng": 101.6538,
    "tweets": [
      "Floods: Number of evacuees in Sarawak rises to 100",
      "Stay informed about the flood situation. Follow official guidelines and stay safe."
    ]
  },
  {
    "id": 96,
    "type": "flood",
    "location": "Hilo, Hawaii/USA",
    "severity": "mild",
    "affected": 1000,
    "time": "1 hour ago",
    "lat": 19.4263,
    "lng": -155.0865,
    "tweets": [
      "Rick O\u2019Shea: How I fell in love with a land of lava, lagoons and a flood of books",
      "Stay informed about the flood situation. Follow official guidelines and stay safe."
    ]
  },
  {
    "id": 95,
    "type": "flood",
    "location": "Hilo, Hawaii/USA",
    "severity": "mild",
    "affected": 1000,
    "time": "1 hour ago",
    "lat": 19.7367,
    "lng": -155.0863,
    "tweets": [
      "Rick O\u2019Shea: How I fell in love with a land of lava, lagoons and flood of books",
      "Stay informed about the flood situation. Follow official guidelines and stay safe."
    ]
  },
  {
    "id": 94,
    "type": "flood",
    "location": "New Orleans, Louisiana/USA",
    "severity": "moderate",
    "affected": 5000,
    "time": "1 hour ago",
    "lat": 29.7597,
    "lng": -90.0631,
    "tweets": [
      "Anger and natural disasters",
      "Stay informed about the flood situation. Follow official guidelines and stay safe."
    ]
  },
  {
    "id": 93,
    "type": "flood",
    "location": "Pasighat, Arunachal Pradesh/India",
    "severity": "moderate",
    "affected": 5000,
    "time": "1 hour ago",
    "lat": 27.5333,
    "lng": 94.0167,
    "tweets": [
      "'Dam for a dam': India, China edge towards a Himalayan water war",
      "Stay informed about the flood situation. Follow official guidelines and stay safe."
    ]
  },
  {
    "id": 92,
    "type": "wildfire",
    "location": "Pacific Palisades, California, USA",
    "severity": "severe",
    "affected": 100000,
    "time": "1 hour ago",
    "lat": 34.0117,
    "lng": -118.5283,
    "tweets": [
      "Woke DEI + green nihilism = Dresden in California",
      "Stay informed about the wildfire situation. Follow official guidelines and stay safe."
    ]
  },
  {
    "id": 91,
    "type": "earthquake",
    "location": "Los Angeles, California/USA",
    "severity": "mild",
    "affected": 1000,
    "time": "1 hour ago",
    "lat": 34.0522,
    "lng": -118.2437,
    "tweets": [
      "Amid LA fires, neighbors helped each other survive \u2013 60 years of research shows local heroes are crucial to disaster response",
      "Stay informed about the earthquake situation. Follow official guidelines and stay safe."
    ]
  },
  {
    "id": 90,
    "type": "wildfire",
    "location": "Los Angeles, California/USA",
    "severity": "severe",
    "affected": 10000,
    "time": "1 hour ago",
    "lat": 34.0522,
    "lng": -118.2437,
    "tweets": [
      "Amid LA fires, neighbors helped each other survive \u2013 60 years of research shows how local heroes are crucial to disaster response",
      "Stay informed about the wildfire situation. Follow official guidelines and stay safe."
    ]
  },
  {
    "id": 89,
    "type": "fire",
    "location": "Los Angeles, California/USA",
    "severity": "moderate",
    "affected": 10000,
    "time": "1 hour ago",
    "lat": 34.0522,
    "lng": -118.2437,
    "tweets": [
      "Neighbors and strangers pulled together to help LA fire survivors \u2013 60 years of research shows these unsung heroes are crucial to disaster response",
      "Stay informed about the earthquake situation. Follow official guidelines and stay safe."
    ]
  },
  {
    "id": 88,
    "type": "earthquake",
    "location": "San Francisco, California/USA",
    "severity": "moderate",
    "affected": 5000,
    "time": "1 hour ago",
    "lat": 37.7749,
    "lng": -122.4194,
    "tweets": [
      "Stay informed about the earthquake situation. Follow official guidelines and stay safe.",
      "Don\u2019t Blame the LA Fires on Billionaires Stealing Water, or Satanic Rituals"
    ]
  },
  {
    "id": 87,
    "type": "disaster",
    "location": "Gaza City, Palestine",
    "severity": "severe",
    "affected": 10000,
    "time": "1 hour ago",
    "lat": 31.533333,
    "lng": 34.433333,
    "tweets": [
      "Gazans begin searching for people under rubble on day two of ceasefire",
      "Stay informed about the earthquake situation. Follow official guidelines and stay safe."
    ]
  },
  {
    "id": 86,
    "type": "disaster",
    "location": "Gaza, Palestinian Territory",
    "severity": "severe",
    "affected": 10000,
    "time": "1 hour ago",
    "lat": 31.4666667,
    "lng": 34.4333333,
    "tweets": [
      "Rescuers find dozens of bodies in Gaza rubble amid Israel-Hamas ceasefire",
      "Stay informed about the earthquake situation. Follow official guidelines and stay safe."
    ]
  },
  {
    "id": 85,
    "type": "earthquake",
    "location": "Debre Zeyit, Ethiopia (9.0000\u00b0 N, 39.3333\u00b0 E)",
    "severity": "moderate",
    "affected": 10000,
    "time": "1 hour ago",
    "lat": 9.0,
    "lng": 39.3333,
    "tweets": [
      "Ethiopian earthquakes and volcanic eruptions: Earth scientist explains the link",
      "Stay informed about the earthquake situation. Follow official guidelines and stay safe."
    ]
  },
  {
    "id": 84,
    "type": "earthquake",
    "location": "Chiayi, Taiwan",
    "severity": "mild",
    "affected": 1000,
    "time": "1 hour ago",
    "lat": 23.475833,
    "lng": 120.433333,
    "tweets": [
      "Southern Taiwan hit by 6.4 magnitude quake, TSMC evacuates some factories",
      "Stay informed about the earthquake situation. Follow official guidelines and stay safe."
    ]
  },
  {
    "id": 82,
    "type": "wildfire",
    "location": "Santa Barbara, California, USA",
    "severity": "severe",
    "affected": 50000,
    "time": "1 hour ago",
    "lat": 34.4212,
    "lng": -119.4833,
    "tweets": [
      "Team Rubicon Responds To Wildfires In Fleet Of New Ford Vehicles",
      "Stay informed about the wildfire situation. Follow official guidelines and stay safe."
    ]
  },
  {
    "id": 81,
    "type": "earthquake",
    "location": "Taipei, Taiwan",
    "severity": "moderate",
    "affected": 1000,
    "time": "1 hour ago",
    "lat": 25.0335,
    "lng": 121.5236,
    "tweets": [
      "Magnitude 6 earthquake shakes Taiwan, with initial reports of minor injuries, damage",
      "Stay informed about the earthquake situation. Follow official guidelines and stay safe."
    ]
  },
  {
    "id": 80,
    "type": "disaster",
    "location": "Gaza, Palestine",
    "severity": "severe",
    "affected": 10000,
    "time": "1 hour ago",
    "lat": 31.533333,
    "lng": 34.45,
    "tweets": [
      "He identified his nephew's remains from his shoe, as search underway in Gaza to recover bodies",
      "Stay informed about the disaster situation. Follow official guidelines and stay safe."
    ]
  },
  {
    "id": 78,
    "type": "earthquake",
    "location": "San Francisco, California/USA",
    "severity": "moderate",
    "affected": 5000,
    "time": "1 hour ago",
    "lat": 37.7749,
    "lng": -122.4194,
    "tweets": [
      "Healing After Disasters",
      "Stay informed about the earthquake situation. Follow official guidelines and stay safe."
    ]
  },
  {
    "id": 77,
    "type": "earthquake",
    "location": "Hsinchu, Taiwan",
    "severity": "moderate",
    "affected": 10000,
    "time": "1 hour ago",
    "lat": 24.783333,
    "lng": 120.983333,
    "tweets": [
      "TSMC evacuates some Taiwan factories after earthquake- reports",
      "Stay informed about the earthquake situation. Follow official guidelines and stay safe."
    ]
  },
  {
    "id": 76,
    "type": "earthquake",
    "location": "Taipei, Taiwan",
    "severity": "moderate",
    "affected": 2700,
    "time": "1 hour ago",
    "lat": 25.0468,
    "lng": 121.5142,
    "tweets": [
      "6.0-magnitude earthquake shakes Taiwan",
      "Stay informed about the earthquake situation. Follow official guidelines and stay safe."
    ]
  },
  {
    "id": 75,
    "type": "earthquake",
    "location": "Taipei, Taiwan",
    "severity": "moderate",
    "affected": 3000,
    "time": "1 hour ago",
    "lat": 25.0333,
    "lng": 121.5,
    "tweets": [
      "6.0-magnitude earthquake shakes Taiwan: USGS",
      "Stay informed about the earthquake situation. Follow official guidelines and stay safe."
    ]
  },
  {
    "id": 74,
    "type": "earthquake",
    "location": "Taipei, Taiwan",
    "severity": "moderate",
    "affected": 2700,
    "time": "1 hour ago",
    "lat": 25.0333,
    "lng": 121.5,
    "tweets": [
      "27 Injured, Ceilings Caved In As Earthquake Of Magnitude 6 Hits Taiwan",
      "Stay informed about the earthquake situation. Follow official guidelines and stay safe."
    ]
  },
  {
    "id": 73,
    "type": "earthquake",
    "location": "Tokyo, Japan",
    "severity": "moderate",
    "affected": 5000,
    "time": "1 hour ago",
    "lat": 35.6895,
    "lng": 139.767,
    "tweets": [
      "'Sunset Sunrise': Rom-com finds pathos in peak pandemic setting",
      "Stay informed about the earthquake situation. Follow official guidelines and stay safe."
    ]
  },
  {
    "id": 72,
    "type": "hurricane",
    "location": "New Orleans, Louisiana/USA",
    "severity": "severe",
    "affected": 50000,
    "time": "1 hour ago",
    "lat": 29.7603,
    "lng": -95.2471,
    "tweets": [
      "Stay safe and follow evacuation orders!",
      "Power outages reported in affected areas. Prepare for extended outages."
    ]
  },
  {
    "id": 71,
    "type": "earthquake",
    "location": "Taipei, Taiwan",
    "severity": "moderate",
    "affected": 1000,
    "time": "1 hour ago",
    "lat": 25.033954,
    "lng": 121.52448,
    "tweets": [
      "6.0-magnitude earthquake shakes Taiwan",
      "Stay informed about the earthquake situation. Follow official guidelines and stay safe."
    ]
  },
  {
    "id": 70,
    "type": "earthquake",
    "location": "Taipei, Taiwan",
    "severity": "moderate",
    "affected": 1000,
    "time": "1 hour ago",
    "lat": 25.0333,
    "lng": 121.5,
    "tweets": [
      "6.0-magnitude Earthquake Shakes Taiwan",
      "Stay informed about the earthquake situation. Follow official guidelines and stay safe."
    ]
  }
]