[
    {
      "id": 1,
      "type": "earthquake",
      "location": "Shimla, Himachal Pradesh",
      "severity": "moderate",
      "affected": 1200,
      "time": "1 hour ago",
      "lat": 31.1048,
      "lng": 77.5946,
      "tweets": [
        "Just felt the ground shake in Shimla! Stay safe everyone. #earthquake",
        "Moderate earthquake in Shimla. Hope everyone is okay."
      ]
    },
    {
      "id": 3,
      "type": "cyclone",
      "location": "Chennai, Tamil Nadu",
      "severity": "severe",
      "affected": 150000,
      "time": "3 hours ago",
      "lat": 13.0827,
      "lng": 80.2707,
      "tweets": [
        "Cyclone alert in Chennai. Winds are picking up. Stay indoors. #CycloneAlert",
        "Heavy rains and strong winds in Chennai due to the cyclone."
      ]
    },
    {
      "id": 4,
      "type": "drought",
      "location": "Bhopal, Madhya Pradesh",
      "severity": "mild",
      "affected": 3000,
      "time": "4 hours ago",
      "lat": 23.2599,
      "lng": 77.4126,
      "tweets": [
        "Bhopal is facing a drought. Water scarcity is a big issue here.",
        "Mild drought conditions in Bhopal. Hoping for rain soon."
      ]
    },
    {
      "id": 5,
      "type": "earthquake",
      "location": "Delhi",
      "severity": "high",
      "affected": 5000,
      "time": "5 hours ago",
      "lat": 28.6139,
      "lng": 77.2090,
      "tweets": [
        "Massive earthquake in Delhi! Hope everyone is safe. #DelhiEarthquake",
        "The shaking was intense. Everyone in Delhi, please be careful."
      ]
    },
    {
      "id": 6,
      "type": "flood",
      "location": "Mumbai, Maharashtra",
      "severity": "moderate",
      "affected": 20000,
      "time": "6 hours ago",
      "lat": 19.0760,
      "lng": 72.8777,
      "tweets": [
        "Mumbai is flooded again. Water everywhere. #MumbaiRains",
        "Moderate flood in Mumbai. Roads are submerged."
      ]
    },
    {
      "id": 7,
      "type": "cyclone",
      "location": "Visakhapatnam, Andhra Pradesh",
      "severity": "severe",
      "affected": 80000,
      "time": "7 hours ago",
      "lat": 17.6868,
      "lng": 83.2185,
      "tweets": [
        "Cyclone in Visakhapatnam. Stay safe everyone. #Cyclone",
        "Winds are getting stronger in Vizag. Brace yourselves."
      ]
    },
    {
      "id": 8,
      "type": "drought",
      "location": "Jaipur, Rajasthan",
      "severity": "mild",
      "affected": 1000,
      "time": "8 hours ago",
      "lat": 26.9124,
      "lng": 75.7873,
      "tweets": [
        "Jaipur is experiencing drought. Hope we get rain soon.",
        "Mild drought in Jaipur. Water is becoming scarce."
      ]
    },
    {
      "id": 9,
      "type": "earthquake",
      "location": "Guwahati, Assam",
      "severity": "moderate",
      "affected": 1500,
      "time": "9 hours ago",
      "lat": 26.1445,
      "lng": 91.7362,
      "tweets": [
        "Earthquake in Guwahati. Everyone stay alert. #AssamQuake",
        "Moderate earthquake felt in Guwahati. Hope everyone is safe."
      ]
    },
    {
      "id": 10,
      "type": "flood",
      "location": "Hyderabad, Telangana",
      "severity": "moderate",
      "affected": 18000,
      "time": "1 hour ago",
      "lat": 17.3850,
      "lng": 78.4867,
      "tweets": [
        "Hyderabad is under water! Floods are causing chaos. #HyderabadFloods",
        "Moderate flooding in Hyderabad. Avoid low-lying areas."
      ]
    },
    {
      "id": 11,
      "type": "cyclone",
      "location": "Kochi, Kerala",
      "severity": "severe",
      "affected": 60000,
      "time": "2 hours ago",
      "lat": 9.9312,
      "lng": 76.2673,
      "tweets": [
        "Cyclone hitting Kochi hard. Winds are terrifying. #KochiCyclone",
        "Severe cyclone warning for Kochi. Stay safe everyone."
      ]
    },
    {
      "id": 12,
      "type": "drought",
      "location": "Aurangabad, Maharashtra",
      "severity": "mild",
      "affected": 2000,
      "time": "3 hours ago",
      "lat": 19.8762,
      "lng": 75.3433,
      "tweets": [
        "Aurangabad is in the middle of a drought. Water crisis looming.",
        "Mild drought in Aurangabad. Urgent need for rain."
      ]
    },
    {
      "id": 13,
      "type": "earthquake",
      "location": "Dehradun, Uttarakhand",
      "severity": "high",
      "affected": 3500,
      "time": "4 hours ago",
      "lat": 30.3165,
      "lng": 78.0322,
      "tweets": [
        "High severity earthquake in Dehradun. Hope everyone is safe.",
        "Dehradun just shook violently. Stay safe!"
      ]
    },
    {
      "id": 14,
      "type": "flood",
      "location": "Patna, Bihar",
      "severity": "severe",
      "affected": 70000,
      "time": "5 hours ago",
      "lat": 25.5941,
      "lng": 85.1376,
      "tweets": [
        "Patna is flooded! People need help urgently. #BiharFloods",
        "Severe flood in Patna. Situation is getting worse."
      ]
    },
    {
      "id": 15,
      "type": "cyclone",
      "location": "Puri, Odisha",
      "severity": "severe",
      "affected": 50000,
      "time": "6 hours ago",
      "lat": 19.8135,
      "lng": 85.8310,
      "tweets": [
        "Cyclone in Puri. Winds are really strong. #OdishaCyclone",
        "Severe cyclone hitting Puri. Everyone please be cautious."
      ]
    },
    {
      "id": 16,
      "type": "drought",
      "location": "Amritsar, Punjab",
      "severity": "mild",
      "affected": 1500,
      "time": "7 hours ago",
      "lat": 31.6340,
      "lng": 74.8723,
      "tweets": [
        "Amritsar is facing a mild drought. Hoping for rain.",
        "Drought conditions in Amritsar. Water is running low."
      ]
    },
    {
      "id": 17,
      "type": "earthquake",
      "location": "Shimla, Himachal Pradesh",
      "severity": "moderate",
      "affected": 2000,
      "time": "8 hours ago",
      "lat": 31.1048,
      "lng": 77.5946,
      "tweets": [
        "Another earthquake in Shimla. This one was stronger. #ShimlaQuake",
        "Felt another shake in Shimla. Earthquake season?"
      ]
    },
    {
      "id": 18,
      "type": "flood",
      "location": "Raipur, Chhattisgarh",
      "severity": "moderate",
      "affected": 22000,
      "time": "9 hours ago",
      "lat": 21.2514,
      "lng": 81.6296,
      "tweets": [
        "Raipur is flooded. Roads are turning into rivers. #ChhattisgarhFloods",
        "Moderate flood in Raipur. Stay indoors if possible."
      ]
    },
    {
      "id": 19,
      "type": "cyclone",
      "location": "Bhubaneswar, Odisha",
      "severity": "severe",
      "affected": 75000,
      "time": "10 hours ago",
      "lat": 20.2961,
      "lng": 85.8245,
      "tweets": [
        "Cyclone hitting Bhubaneswar hard. Winds are scary. #OdishaCyclone",
        "Severe cyclone warning for Bhubaneswar. Stay safe!"
      ]
    },
    {
      "id": 20,
      "type": "drought",
      "location": "Ahmedabad, Gujarat",
      "severity": "mild",
      "affected": 2500,
      "time": "11 hours ago",
      "lat": 23.0225,
      "lng": 72.5714,
      "tweets": [
        "Ahmedabad is suffering from a drought. Water shortage is a concern.",
        "Mild drought in Ahmedabad. Hoping for rain soon."
      ]
    },
    {
      "id": 21,
      "type": "earthquake",
      "location": "Mumbai, Maharashtra",
      "severity": "high",
      "affected": 7000,
      "time": "12 hours ago",
      "lat": 19.0760,
      "lng": 72.8777,
      "tweets": [
        "A strong earthquake just hit Mumbai. Everyone stay safe!",
        "Mumbai just experienced a high-magnitude earthquake. #MumbaiEarthquake"
      ]
    },
    {
      "id": 22,
      "type": "flood",
      "location": "Bangalore, Karnataka",
      "severity": "moderate",
      "affected": 30000,
      "time": "13 hours ago",
      "lat": 12.9716,
      "lng": 77.5946,
      "tweets": [
        "Bangalore is flooding. Streets are turning into rivers. #BangaloreFloods",
        "Moderate flood in Bangalore. Avoid low-lying areas."
      ]
    },
    {
      "id": 23,
      "type": "cyclone",
      "location": "Nagapattinam, Tamil Nadu",
      "severity": "severe",
      "affected": 85000,
      "time": "14 hours ago",
      "lat": 10.7654,
      "lng": 79.8420,
      "tweets": [
        "Cyclone alert for Nagapattinam. Winds are picking up. Stay safe!",
        "Severe cyclone hitting Nagapattinam. Take shelter immediately."
      ]
    },
    {
      "id": 24,
      "type": "drought",
      "location": "Indore, Madhya Pradesh",
      "severity": "mild",
      "affected": 3500,
      "time": "15 hours ago",
      "lat": 22.7196,
      "lng": 75.8577,
      "tweets": [
        "Indore is facing a mild drought. Water levels are dropping.",
        "Mild drought conditions in Indore. Hoping for rain soon."
      ]
    },
    {
      "id": 25,
      "type": "earthquake",
      "location": "Agra, Uttar Pradesh",
      "severity": "moderate",
      "affected": 2500,
      "time": "16 hours ago",
      "lat": 27.1767,
      "lng": 78.0081,
      "tweets": [
        "Moderate earthquake in Agra. The ground shook quite a bit.",
        "Felt a moderate earthquake in Agra. Hope everyone is safe."
      ]
    },
    {
      "id": 26,
      "type": "flood",
      "location": "Lucknow, Uttar Pradesh",
      "severity": "severe",
      "affected": 55000,
      "time": "17 hours ago",
      "lat": 26.8467,
      "lng": 80.9462,
      "tweets": [
        "Lucknow is severely flooded. Please stay indoors if possible. #LucknowFloods",
        "Severe flood in Lucknow. Roads are submerged."
      ]
    },
    {
      "id": 27,
      "type": "cyclone",
      "location": "Thiruvananthapuram, Kerala",
      "severity": "severe",
      "affected": 65000,
      "time": "18 hours ago",
      "lat": 8.5241,
      "lng": 76.9366,
      "tweets": [
        "Cyclone warning in Thiruvananthapuram. Winds are picking up. #KeralaCyclone",
        "Severe cyclone approaching Thiruvananthapuram. Stay indoors!"
      ]
    },
    {
      "id": 28,
      "type": "drought",
      "location": "Nagpur, Maharashtra",
      "severity": "mild",
      "affected": 3000,
      "time": "19 hours ago",
      "lat": 21.1458,
      "lng": 79.0882,
      "tweets": [
        "Nagpur is facing a mild drought. Water scarcity is a concern.",
        "Mild drought in Nagpur. Hoping for rain soon."
      ]
    },
    {
      "id": 29,
      "type": "earthquake",
      "location": "Varanasi, Uttar Pradesh",
      "severity": "moderate",
      "affected": 3200,
      "time": "20 hours ago",
      "lat": 25.3176,
      "lng": 82.9739,
      "tweets": [
        "Moderate earthquake in Varanasi. The ground shook quite a bit.",
        "Felt a moderate earthquake in Varanasi. Stay safe everyone."
      ]
    },
    {
      "id": 30,
      "type": "flood",
      "location": "Gurgaon, Haryana",
      "severity": "moderate",
      "affected": 28000,
      "time": "21 hours ago",
      "lat": 28.4595,
      "lng": 77.0266,
      "tweets": [
        "Gurgaon is flooding. Roads are getting submerged. #GurgaonFloods",
        "Moderate flood in Gurgaon. Please avoid unnecessary travel."
      ]
    },
    {
      "id": 31,
      "type": "cyclone",
      "location": "Puducherry",
      "severity": "severe",
      "affected": 90000,
      "time": "22 hours ago",
      "lat": 11.9139,
      "lng": 79.8145,
      "tweets": [
        "Cyclone hitting Puducherry hard. Winds are terrifying. #PuducherryCyclone",
        "Severe cyclone warning for Puducherry. Stay safe everyone."
      ]
    },
    {
      "id": 32,
      "type": "drought",
      "location": "Ranchi, Jharkhand",
      "severity": "mild",
      "affected": 2000,
      "time": "23 hours ago",
      "lat": 23.3441,
      "lng": 85.3096,
      "tweets": [
        "Ranchi is facing a drought. Water scarcity is becoming serious.",
        "Mild drought in Ranchi. Hoping for rain soon."
      ]
    },
    {
      "id": 33,
      "type": "earthquake",
      "location": "Jammu, Jammu and Kashmir",
      "severity": "high",
      "affected": 4000,
      "time": "1 day ago",
      "lat": 32.7266,
      "lng": 74.8570,
      "tweets": [
        "A strong earthquake just hit Jammu. Everyone stay safe!",
        "Jammu just experienced a high-magnitude earthquake. #JammuEarthquake"
      ]
    },
    {
      "id": 34,
      "type": "flood",
      "location": "Surat, Gujarat",
      "severity": "severe",
      "affected": 65000,
      "time": "1 day ago",
      "lat": 21.1702,
      "lng": 72.8311,
      "tweets": [
        "Surat is severely flooded. Please stay indoors if possible. #SuratFloods",
        "Severe flood in Surat. Roads are submerged."
      ]
    },
    {
      "id": 35,
      "type": "cyclone",
      "location": "Kakinada, Andhra Pradesh",
      "severity": "severe",
      "affected": 70000,
      "time": "1 day ago",
      "lat": 16.9891,
      "lng": 82.2475,
      "tweets": [
        "Cyclone alert for Kakinada. Winds are picking up. Stay safe!",
        "Severe cyclone hitting Kakinada. Take shelter immediately."
      ]
    },
    {
      "id": 36,
      "type": "drought",
      "location": "Kanpur, Uttar Pradesh",
      "severity": "mild",
      "affected": 2500,
      "time": "1 day ago",
      "lat": 26.4499,
      "lng": 80.3319,
      "tweets": [
        "Kanpur is suffering from a drought. Water shortage is a concern.",
        "Mild drought in Kanpur. Hoping for rain soon."
      ]
    },
    {
      "id": 37,
      "type": "earthquake",
      "location": "Shillong, Meghalaya",
      "severity": "moderate",
      "affected": 2000,
      "time": "1 day ago",
      "lat": 25.5788,
      "lng": 91.8933,
      "tweets": [
        "Moderate earthquake in Shillong. The ground shook quite a bit.",
        "Felt a moderate earthquake in Shillong. Stay safe everyone."
      ]
    },
    {
      "id": 38,
      "type": "cyclone",
      "location": "Chandigarh",
      "severity": "moderate",
      "affected": 32000,
      "time": "1 day ago",
      "lat": 30.7333,
      "lng": 76.7794,
      "tweets": [
        "Chandigarh is flooding. Roads are getting submerged. #ChandigarhFloods",
        "Moderate flood in Chandigarh. Please avoid unnecessary travel."
      ]
    },
    {
      "id": 39,
      "type": "cyclone",
      "location": "Tuticorin, Tamil Nadu",
      "severity": "severe",
      "affected": 95000,
      "time": "1 day ago",
      "lat": 8.7642,
      "lng": 78.1348,
      "tweets": [
        "Cyclone hitting Tuticorin hard. Winds are terrifying. #TuticorinCyclone",
        "Severe cyclone warning for Tuticorin. Stay safe everyone."
      ]
    },
    {
      "id": 40,
      "type": "cyclone",
      "location": "Vijayawada, Andhra Pradesh",
      "severity": "mild",
      "affected": 3000,
      "time": "1 day ago",
      "lat": 16.5062,
      "lng": 80.6480,
      "tweets": [
        "Vijayawada is facing a drought. Water scarcity is becoming serious.",
        "Mild drought in Vijayawada. Hoping for rain soon."
      ]
    }
  ]